Muc xao, muc;toi;ot;muoi;tieu;dau an
Tom rim, tom;nuoc mam;duong;toi;ot
Ga nuong, thit ga;hanh;toi;ot;muoi;tieu;dau an
Banh mi kep, banh mi;thit bo;hanh;rau thom;tuong;ot
Com chien trung, com;trung;hanh tay;toi;muoi;tieu;dau an
Trung hap, trung;muoi;hanh;tieu
Rau thom xao, rau thom;hanh;toi;dau an;muoi
Canh cai xanh, rau cai;ca rot;cu cai trang;hanh;muoi
Banh mi bo toi, banh mi;bo;toi;muoi
Xoi gac, gao nep;muoi;duong;dau an
Chao trung, trung;com;hanh;tieu;muoi
Canh bi do, bi do;ca rot;hanh tay;muoi;tieu
Ca thu nuong, ca thu;toi;muoi;tieu;ot
Canh rau ngot, rau ngot;ca rot;muoi;tieu
Sot dau phu, dau phu;ca chua;toi;duong;muoi
Com rang duong chau, com;tom;thit bo;dau ha lan;hanh
Mi xao hai san, mi goi;tom;muc;ca rot;hanh
Bun rieu cua, cua;bun;ca chua;rau thom;hanh
Bun bo hue, bun;thit bo;rau thom;ot;hanh
Canh cu cai trang, cu cai trang;ca rot;hanh;muoi
Banh mi pate, banh mi;pate;rau thom;ot
Canh su su, su su;ca rot;hanh;muoi;tieu
Nam rom xao, nam rom;toi;muoi;dau an
Sup bi do, bi do;ca rot;hanh;toi;muoi
Muc hap gung, muc;gung;muoi;tieu
Bun cha, bun;rau thom;hanh;tieu
Nam meo xao, nam meo;toi;muoi;dau an
Ca ngu nuong, ca ngu;toi;muoi;tieu;ot
Canh cai bo xoi, cai bo xoi;ca rot;hanh;muoi
Banh mi trung, banh mi;trung;muoi;tieu
Canh rau day, rau day;ca rot;hanh;muoi
Tom hap bia, tom;bia;muoi;ot
Muc xao sa te, muc;sa te;toi;ot;muoi
Ca hoi nuong, ca hoi;muoi;tieu;toi
Canh cu den, cu den;ca rot;hanh;muoi
Ga xao hanh tay, hanh tay;toi;muoi
Sot dau hu non, dau phu non;ca chua;toi;muoi
Ca chim nuong, ca chim;muoi;tieu;toi;ot
Lau hai san, tom;muc;ca tre;rau thom;ca chua;ot;muoi
Com tam, banh mi;thit heo;nuoc mam;hanh;tieu
Canh khoai lang, khoai lang;ca rot;hanh;muoi
Bo nuong sa te, sa te;toi;ot
Chao dau xanh, dau xanh;com;muoi;tieu
Canh khoai tay, khoai tay;ca rot;hanh;muoi
Banh mi thit nguoi, banh mi;thit heo;rau thom;hanh
Rau muong xao, rau muong;toi;muoi;dau an
Ca hoi ap chao, ca hoi;muoi;tieu;dau an;toi
Ca rot kho, ca rot;hanh tay;toi;muoi;tieu
Canh nam, nam rom;nam huong;hanh;toi;muoi
Banh mi chao, banh mi;trung;thit bo;hanh
Ga chien mam, nuoc mam;toi;ot;thit ga
Canh rau can, rau can;ca rot;hanh;muoi
Gung rang, gung;toi;muoi;tieu
Ca ngu ap chao, ca ngu;toi;muoi;tieu;dau an
Sup mang tay, mang tuoi;ca rot;muoi;tieu;hanh
Khoai lang canh, khoai lang;ca rot;hanh;muoi
Bo luc lac, ot;hanh;toi;muoi;tieu
Canh rau cai, rau cai;ca rot;cu cai trang;hanh;muoi
Bun rieu, ca chua;rau thom;tom;cua;hanh
Nam linh chi xao dau me, nam linh chi;dau me;toi;muoi
Com chien tom trung, com;tom;trung;hanh;muoi;tieu
Banh mi bo toi, banh mi;bo;toi;muoi
Canh bi do, bi do;ca rot;hanh tay;muoi;tieu
Muc xao ca chua, muc;ca chua;toi;ot;duong;giam
Goi hai san, muc;tom;rau thom;hanh;ot;nuoc mam
Goi cuon, tom;rau thom;banh trang;thit ga;hanh
Cu cai canh, cu cai;ca rot;hanh;muoi
Ca hoi sot cam, ca hoi;cam;toi;muoi;tieu
Ca chim nuong, ca chim;muoi;tieu;toi;ot
Canh rau ngot, rau ngot;ca rot;muoi;tieu
Banh mi pate, banh mi;pate;rau thom;ot
Canh su su, su su;ca rot;hanh;muoi;tieu
Canh rau day, rau day;ca rot;hanh;muoi
Muc hap gung, muc;gung;muoi;tieu
Sup bi do, bi do;ca rot;hanh;toi;muoi
Com rang trung, com;trung;hanh;toi;muoi
Bun cha, bun;rau thom;hanh;tieu
Nam meo xao, nam meo;toi;muoi;dau an
Canh cai bo xoi, cai bo xoi;ca rot;hanh;muoi
Banh mi trung, banh mi;trung;muoi;tieu
Canh khoai tay, khoai tay;ca rot;hanh;muoi
Chao ga, thit ga;com;hanh;tieu;muoi
